dominant_frequency,spectral_energy,spectral_entropy,frequency_centroid,spectral_variance
0.31125827814569534,36.051417142267965,5.977280863528537,1.567472023299068e-17,0.0809304668813268
